Flow Duration,Fwd IAT Total,Bwd IAT Total,Fwd IAT Min,Bwd IAT Min,Fwd IAT Max,Bwd IAT Max,Fwd IAT Mean,Bwd IAT Mean,Flow Packets/s,Flow Bytes/s,Flow IAT Min,Flow IAT Max,Flow IAT Mean,Flow IAT Std,Active Min,Active Mean,Active Max,Active Std,Idle Min,Idle Mean,Idle Max,Idle Std
479505,479505.0,240703.0,192.0,521.0,240457.0,240182.0,119876.25,120351.5,16.683871909573412,644.4145525072731,28.0,239908.0,68500.71428571429,116594.29610793473,0,0,0,0,1602241973421222.0,1602241973421222.0,1602241973421222.0,0.0
