Flow Duration,Fwd IAT Total,Bwd IAT Total,Fwd IAT Min,Bwd IAT Min,Fwd IAT Max,Bwd IAT Max,Fwd IAT Mean,Bwd IAT Mean,Flow Packets/s,Flow Bytes/s,Flow IAT Min,Flow IAT Max,Flow IAT Mean,Flow IAT Std,Active Min,Active Mean,Active Max,Active Std,Idle Min,Idle Mean,Idle Max,Idle Std
119999927,119999927.0,119988002.0,119985637.0,111313224.0,119993799.0,111313224.0,119985637.0,111313224.0,400000.0,1747474.7474747475,119985637.0,119993799.0,119985637.0,64210569.35196368,36514852.0,42184776.5,54659991.0,21689796.175613467,1433533682788298.0,1433533682788298.0,1433533682788298.0,1013661210563385.2
119999940,119999940.0,119989510.0,119999708.0,57500100.0,119999708.0,119154489.0,119999708.0,925436296.0,2000000.0,346000000.0,118207449.0,119999354.0,118207449.0,84774619.75320175,98537391.0,7012407125.0,98537391.0,52304848.41050146,1432574603768975.0,1432574603768975.0,1432574603768975.0,1012983197850266.4
119999969,119999969.0,119998406.0,112518998.0,90112046.0,118001357.0,90112046.0,2827073125.0,1270049375.0,1000000.0,28714442.52590035,112518998.0,118001357.0,639644125.0,82732583.75748265,55369619.0,615838125.0,55369619.0,11963253.0124044,1427916226976901.0,1427916226976901.0,1427916241563655.0,1009689246997056.4
119999998,119999795.0,119999985.0,117999255.0,92261784.0,117999255.0,103189189.0,117999255.0,92261784.0,250000.0,59161876.36537847,117999255.0,117999255.0,117999255.0,63554459.09398523,9300373.0,15985613.0,43966643.0,18527449.112120084,1430763348222627.0,1430763348222627.0,1430763348222627.0,1011697598023462.8
119999997,119999997.0,119998886.0,87653030.0,87653051.0,118005171.0,98281184.0,87653030.0,87653051.0,2000000.0,2533333.333333333,9978507.0,118005171.0,59500954.5,82733362.28204873,81088275.0,81088275.0,81088275.0,30147526.589492794,1430318972727282.0,1430318972727282.0,1430318972727282.0,1011388214828079.2
119604968,119604828.0,119604668.0,114229079.0,114278224.0,117143347.0,114278224.0,547949375.0,8079476625.0,95238.09523809524,26340425.531914894,97759022.0,117143347.0,402914625.0,65668526.56162144,26366928.0,29686528.0,33386285.0,12390988.928123206,1433421408673194.0,1433421408673194.0,1433421408673194.0,1013581977458494.8
119999978,119999978.0,119947745.0,119893331.0,3014402.0,119893331.0,10545270.0,119893331.0,5188391.869565216,8230.45267489712,834645.6692913384,119893331.0,119893331.0,119893331.0,79904406.94853699,12814850.0,12814850.0,15097344.0,6586624.666594796,1606211834585576.0,1606211834585576.0,1606211917314904.0,1135762281668248.2
