Flow Duration,Fwd IAT Total,Bwd IAT Total,Fwd IAT Min,Bwd IAT Min,Fwd IAT Max,Bwd IAT Max,Fwd IAT Mean,Bwd IAT Mean,Flow Packets/s,Flow Bytes/s,Flow IAT Min,Flow IAT Max,Flow IAT Mean,Flow IAT Std,Active Min,Active Mean,Active Max,Active Std,Idle Min,Idle Mean,Idle Max,Idle Std
413178.0,413122.0,0.0,411322.0,0.0,412945.0,0.0,412068.0,0.0,4.853485409209488,106.54991379143341,411263.0,412912.0,412012.0,0.0,0.0,0.0,0.0,0.0,1432573059199215.0,1432573059199215.0,1432573126032031.0,0.0
417811.0,417149.0,0.0,412304.0,0.0,416753.0,0.0,415537.0,0.0,4.805959389643157,105.27927720990776,412100.0,417351.0,415773.0,0.0,0.0,0.0,0.0,0.0,1432573731004928.0,1432573731004928.0,1432573925446341.0,0.0
836057.0,100343.0,0.0,10.0,0.0,58713.0,0.0,14972.0,0.0,12.977490542653769,1.955434557610541,423.0,415195.0,132109.66666666663,562.8569978244918,0.0,0.0,0.0,0.0,1427721658501116.0,1427721658501116.0,1427906951894217.0,0.0
74853.0,2879.0,0.0,28.0,0.0,1411.5,0.0,393.75,0.0,138.99835750661293,1907.053017125127,351.0,62350.5,10029.274523431304,36.76955262170047,0.0,0.0,0.0,0.0,1430491037928739.5,1430491037928739.5,1430491323645104.5,0.0
283222.5,167792.0,0.0,15.0,0.0,30987.5,0.0,19999.42041666664,0.0,25.192724341210262,444.28750930147856,474.0,88239.5,71331.49999999999,0.0,0.0,0.0,0.0,0.0,1427727079816293.5,1427727079816293.5,1427727399892066.5,0.0
324046.0,53065.0,0.0,36.0,0.0,50249.0,0.0,6530.217460317464,0.0,16.674865142028164,1083.4500961256476,6429.0,244336.0,101612.0,0.0,0.0,0.0,0.0,0.0,1427898396938729.0,1427898396938729.0,1427898435828507.0,0.0
90084133.0,90084133.0,0.0,128.0,0.0,30027587.0,0.0,8189439.681818182,0.0,0.133209251875417,17.895710124644072,48.0,30027587.0,8189439.681818182,9606659.868454702,78.0,169.25,301.0,13.74772708486752,30027510.5,401549249906390.9,1606193379617537.0,803091254365358.2
