Flow Duration,Fwd IAT Total,Bwd IAT Total,Fwd IAT Min,Bwd IAT Min,Fwd IAT Max,Bwd IAT Max,Fwd IAT Mean,Bwd IAT Mean,Flow Packets/s,Flow Bytes/s,Flow IAT Min,Flow IAT Max,Flow IAT Mean,Flow IAT Std,Active Min,Active Mean,Active Max,Active Std,Idle Min,Idle Mean,Idle Max,Idle Std
5,0.0,0.0,0.0,0.0,0.0,0.0,0.0,0.0,0.01666866176657461,0.0,0.0,5.0,5.0,0.0,0.0,0.0,0.0,0.0,5000002.0,89535809640211.72,1432572758760046.0,0.0
1,0.0,0.0,0.0,0.0,0.0,0.0,0.0,0.0,0.01691940750705144,0.0,0.0,1.0,1.0,0.0,0.0,0.0,0.0,0.0,5000001.0,95504946938317.69,1430324727323512.0,0.0
2,0.0,0.0,0.0,0.0,0.0,0.0,0.0,0.0,0.017774776131582692,0.0,-1.0,2.0,2.0,0.0,0.0,0.0,0.0,0.0,5000130.0,109824775712797.16,1427719317277719.0,0.0
12,0.0,0.0,0.0,0.0,0.0,0.0,0.0,0.0,0.01694925955252853,0.0,-2.0,9.0,6.0,0.0,0.0,0.0,0.0,0.0,5002350.0,84146562196026.06,1427826783585782.0,0.0
1,0.0,0.0,0.0,0.0,0.0,0.0,0.0,0.0,0.025209679619509297,0.0,-1.0,1.0,1.0,0.0,0.0,0.0,0.0,0.0,5004267.0,109824802030138.22,1427721102209749.0,0.0
21,0.0,0.0,0.0,0.0,0.0,0.0,0.0,0.0,0.02045846980752324,0.0,-209.0,21.0,21.0,0.0,0.0,0.0,0.0,0.0,5000097.0,159269039696555.97,1427898189548155.0,0.0
486,0.0,0.0,0.0,0.0,0.0,0.0,0.0,0.0,0.01668149498657269,0.0,0.0,347.0,162.0,0.0,0.0,0.0,0.0,0.0,5001699.0,80309646470577.66,1606168034585009.0,0.0
